date,temperature_2m,relative_humidity_2m,precipitation,rain,showers,evapotranspiration,vapour_pressure_deficit,wind_speed_10m,wind_speed_80m,wind_speed_120m,wind_speed_180m,wind_direction_10m,wind_direction_80m,wind_direction_120m,wind_direction_180m,wind_gusts_10m
2025-09-25 00:00:00+00:00,23.9065,66.0,0.0,0.0,0.0,0.20000002,1.0086855,12.88981,16.992609,17.208603,16.92383,54.090195,53.61555,52.650585,51.911175,32.760002
2025-09-25 01:00:00+00:00,22.8565,73.0,0.0,0.0,0.0,0.13,0.75188065,11.885453,15.696165,15.9134655,16.135872,54.865723,53.392834,52.35232,51.34017,30.960001
2025-09-25 02:00:00+00:00,22.3065,76.0,0.0,0.0,0.0,0.09,0.64642,10.233123,13.513193,14.003028,14.003028,50.710617,48.2398,46.041542,43.958473,27.72
2025-09-25 03:00:00+00:00,21.8565,77.0,0.0,0.0,0.0,0.06,0.6027653,8.669949,12.218805,12.475961,12.496718,48.366554,44.999897,43.83095,41.49638,24.119999
2025-09-25 04:00:00+00:00,20.956501,83.0,0.0,0.0,0.0,0.03,0.42165232,5.8603754,9.178235,9.220499,9.290511,47.489597,41.82009,38.65983,35.537766,20.519999
2025-09-25 05:00:00+00:00,20.1565,89.0,0.0,0.0,0.0,0.01,0.25971627,3.0547013,6.297428,6.6087217,7.0911775,44.999897,30.963696,29.357658,23.962492,13.32
2025-09-25 06:00:00+00:00,19.5065,94.0,0.0,0.0,0.0,-0.0,0.13607454,1.8,4.0249224,4.379589,5.506941,306.86996,349.69522,350.53775,348.6901,6.4799995
2025-09-25 07:00:00+00:00,18.7565,96.0,0.0,0.0,0.0,-0.0,0.08658171,3.2599385,4.8433046,5.0911684,5.495161,263.6599,311.98712,315.0001,328.39255,6.12
2025-09-25 08:00:00+00:00,17.6565,96.0,0.0,0.0,0.0,0.0,0.08082008,5.5887027,6.162207,3.8773184,3.0758414,255.06853,276.70975,291.80148,339.44388,11.159999
2025-09-25 09:00:00+00:00,17.0065,90.0,0.0,0.0,0.0,-0.0,0.19395137,7.628263,7.8954163,5.95906,4.3498964,250.70985,245.77226,244.98314,245.55606,15.84
2025-09-25 10:00:00+00:00,16.8065,82.0,0.0,0.0,0.0,0.01,0.34475505,8.311245,9.290511,7.145796,5.8603754,252.3498,234.46223,229.08571,222.5104,17.28
2025-09-25 11:00:00+00:00,16.7565,78.0,0.0,0.0,0.0,0.01,0.4200536,8.427383,9.957108,7.9036193,6.830519,250.0168,220.60121,210.0685,198.43504,17.28
2025-09-25 12:00:00+00:00,16.706501,77.0,0.0,0.0,0.0,0.01,0.43776262,8.311245,10.00256,8.311245,7.2359104,252.3498,210.25635,197.6502,185.7105,17.28
2025-09-25 13:00:00+00:00,16.5565,78.0,0.0,0.0,0.0,0.01,0.41476166,8.311245,9.227524,7.9526596,7.2805495,252.3498,200.55612,185.19434,171.46931,17.28
2025-09-25 14:00:00+00:00,16.3065,79.0,0.0,0.0,0.0,0.01,0.38966894,8.311245,9.028754,7.6367526,6.87779,252.3498,203.49858,188.13002,173.99109,17.64
2025-09-25 15:00:00+00:00,16.0565,80.0,0.0,0.0,0.0,0.01,0.36525297,8.654986,9.19939,7.5170207,6.4799995,253.0724,210.57915,196.69933,180.0,17.64
2025-09-25 16:00:00+00:00,16.0065,80.0,0.0,0.0,0.0,0.01,0.36409187,8.766573,10.1887,8.311245,7.5942073,250.82089,212.00534,197.6502,185.44025,18.359999
2025-09-25 17:00:00+00:00,17.5565,77.0,0.0,0.0,0.0,0.03,0.46190476,8.557102,11.304229,9.659814,8.557102,255.37909,217.23491,206.56499,194.62091,19.08
2025-09-25 18:00:00+00:00,22.0065,69.0,0.0,0.0,0.0,0.09,0.8199769,3.6179552,8.707238,8.707238,8.707238,174.2895,172.87508,172.87508,172.87508,17.64
2025-09-25 19:00:00+00:00,22.706501,70.0,0.0,0.0,0.0,0.22,0.8279244,8.707237,10.685391,10.883676,10.799999,119.74479,122.61923,124.21575,126.86998,21.24
2025-09-25 20:00:00+00:00,23.6565,67.0,0.0,0.0,0.0,0.27,0.96442795,9.983106,12.413477,12.287555,12.4811535,115.64096,119.53869,121.82741,123.23173,24.119999
2025-09-25 21:00:00+00:00,24.5565,63.0,0.0,0.0,0.0,0.29000002,1.1412467,12.57426,15.941944,16.263872,16.1198,113.62939,115.40768,117.69938,119.42737,29.88
2025-09-25 22:00:00+00:00,24.706501,61.0,0.0,0.0,0.0,0.24,1.2137846,14.693999,20.26899,20.969807,21.096123,120.963684,123.407845,124.50858,126.674446,34.92
2025-09-25 23:00:00+00:00,25.4065,57.0,0.0,0.0,0.0,0.22,1.3952167,14.77755,20.592503,21.252197,21.710716,124.07724,126.46933,128.8114,130.29207,35.28
2025-09-26 00:00:00+00:00,25.956501,54.0,0.0,0.0,0.0,0.22,1.5419943,15.077082,20.592503,21.313093,21.479664,123.310646,126.46933,127.45065,129.55963,35.64
2025-09-26 01:00:00+00:00,25.3065,57.0,0.0,0.0,0.0,0.20000002,1.3869704,14.77755,21.313093,21.986542,21.94524,124.07724,127.45065,129.68541,131.00899,35.28
2025-09-26 02:00:00+00:00,24.4065,62.0,0.0,0.0,0.0,0.13,1.1616675,13.104198,19.914215,20.633371,20.87379,127.18479,130.60121,132.8789,135.0001,34.2
2025-09-26 03:00:00+00:00,23.206501,69.0,0.0,0.0,0.0,0.06,0.8817532,10.44,17.072504,17.884428,18.723461,133.60289,137.56381,139.89915,142.02834,29.519999
2025-09-26 04:00:00+00:00,22.2565,75.0,0.0,0.0,0.0,0.03,0.67132545,7.9932966,14.512064,15.617529,15.978484,144.16226,150.2552,154.02567,157.47939,22.68
2025-09-26 05:00:00+00:00,21.0565,81.0,0.0,0.0,0.0,0.02,0.47416878,5.3517847,13.1041975,15.141414,15.893093,160.34608,159.07542,161.99574,166.9081,16.919998
2025-09-26 06:00:00+00:00,20.5565,83.0,0.0,0.0,0.0,0.01,0.41142392,5.6920996,14.205182,16.299694,16.981165,198.43504,188.74608,186.3401,184.86443,11.879999
2025-09-26 07:00:00+00:00,20.0565,83.0,0.0,0.0,0.0,0.01,0.39894545,5.692099,15.379206,16.418526,16.808569,214.69522,200.55612,195.25517,189.86574,11.5199995
2025-09-26 08:00:00+00:00,19.5065,81.0,0.0,0.0,0.0,0.01,0.43097854,6.1305785,15.463246,16.279802,17.163355,229.76372,204.77512,198.03438,189.65982,12.24
2025-09-26 09:00:00+00:00,19.206501,75.0,0.0,0.0,0.0,0.01,0.55666137,7.10031,17.709658,17.902534,18.129137,239.53453,206.56499,195.15411,186.84268,14.4
2025-09-26 10:00:00+00:00,19.456501,70.0,0.0,0.0,0.0,0.01,0.6784874,7.653705,19.130875,19.13426,19.164719,228.81418,199.79897,191.94415,185.38922,15.4800005
2025-09-26 11:00:00+00:00,19.5065,69.0,0.0,0.0,0.0,0.02,0.7032902,7.928177,19.592731,19.48661,19.134262,230.52757,200.4329,191.72508,184.31595,16.199999
2025-09-26 12:00:00+00:00,19.706501,70.0,0.0,0.0,0.0,0.02,0.6890794,7.386582,19.137648,18.94024,19.09358,226.97493,196.38962,188.74608,182.16103,16.199999
2025-09-26 13:00:00+00:00,19.5565,72.0,0.0,0.0,0.0,0.02,0.63717604,6.8777895,18.345877,18.129137,18.0036,227.12111,195.94547,186.84268,181.14574,14.759999
2025-09-26 14:00:00+00:00,19.5565,72.0,0.0,0.0,0.0,0.01,0.63717604,6.638072,17.114204,17.015474,16.923828,229.39879,194.62091,186.07236,178.78116,14.04
2025-09-26 15:00:00+00:00,19.5065,72.0,0.0,0.0,0.0,0.02,0.6352042,6.9153743,16.171976,15.986595,15.84,231.34016,196.82149,187.76508,180.0,14.04
2025-09-26 16:00:00+00:00,19.456501,73.0,0.0,0.0,0.0,0.02,0.61061394,6.696387,15.281989,14.830076,14.404499,233.74606,195.01842,185.5721,178.56793,14.04
2025-09-26 17:00:00+00:00,20.1065,73.0,0.0,0.0,0.0,0.03,0.6356683,6.696387,14.934577,14.471821,14.044615,233.74606,195.37631,185.7105,178.53123,14.04
2025-09-26 18:00:00+00:00,22.6065,71.0,0.0,0.0,0.0,0.09,0.795486,5.634891,11.966954,13.276144,13.627795,153.43501,164.2913,167.4712,167.79955,13.32
2025-09-26 19:00:00+00:00,23.1565,75.0,0.0,0.0,0.0,0.18,0.70887804,9.449572,12.475961,12.7279215,13.246826,130.36446,133.83095,135.0001,137.20262,22.319998
2025-09-26 20:00:00+00:00,23.3065,78.0,0.0,0.0,0.0,0.21000002,0.62944174,12.496718,17.072504,17.566378,17.566378,131.49637,132.43619,134.16977,135.83023,29.16
2025-09-26 21:00:00+00:00,22.9065,82.0,0.0,0.0,0.0,0.18,0.5026927,12.538134,17.339897,18.089775,18.584509,129.17365,131.63345,132.58046,134.21527,30.239998
2025-09-26 22:00:00+00:00,23.5065,78.0,0.0,0.0,0.0,0.16,0.6370592,12.096214,16.363178,17.10284,17.31746,126.528946,129.64413,130.73203,133.31535,29.16
2025-09-26 23:00:00+00:00,23.956501,76.0,0.0,0.0,0.0,0.17,0.71402025,12.682018,17.935081,18.668005,18.864824,124.592354,128.48022,129.5226,131.90585,29.16
2025-09-27 00:00:00+00:00,23.8065,76.0,0.0,0.0,0.0,0.13,0.70762944,11.119281,15.683774,16.375053,16.489416,119.05451,121.865944,123.34073,126.11943,29.16
2025-09-27 01:00:00+00:00,23.6065,77.0,0.2,0.0,0.2,0.13,0.67004204,9.387651,13.392774,14.113652,14.529915,122.471176,126.25393,127.74687,131.98714,25.919998
2025-09-27 02:00:00+00:00,23.0565,81.0,0.2,0.0,0.2,0.09,0.5354543,7.9036193,11.384198,12.096214,12.538134,120.0685,124.69522,126.528946,129.17365,22.319998
2025-09-27 03:00:00+00:00,22.7565,82.0,0.2,0.0,0.2,0.06,0.49815798,6.9247384,10.883676,11.304229,11.720751,117.89718,124.21575,127.23492,132.5104,18.359999
2025-09-27 04:00:00+00:00,22.3065,85.0,0.0,0.0,0.0,0.04,0.4039526,5.4833565,10.00256,10.296251,10.703569,113.19862,120.256355,126.46933,132.27362,15.4800005
2025-09-27 05:00:00+00:00,21.5565,90.0,0.1,0.0,0.1,0.01,0.25727177,4.829907,9.290511,9.726664,10.44,116.56499,125.537766,128.991,133.60289,12.24
2025-09-27 06:00:00+00:00,21.0565,94.0,0.0,0.0,0.0,0.01,0.1497078,3.396233,7.653705,8.404285,8.404285,122.00535,131.18582,133.26433,136.73567,10.440001
2025-09-27 07:00:00+00:00,20.956501,95.0,0.0,0.0,0.0,-0.0,0.12399292,2.2768397,5.95906,6.439876,6.439876,161.56496,154.98314,153.43501,153.43501,7.2
2025-09-27 08:00:00+00:00,20.706501,97.0,0.0,0.0,0.0,-0.0,0.07326102,2.0991426,4.6102495,5.315336,5.634891,120.96369,141.34016,151.69934,153.43501,5.04
2025-09-27 09:00:00+00:00,20.3565,100.0,0.0,0.0,0.0,-0.0,0.0,2.3051248,5.0911684,5.6002855,5.3517847,128.65984,135.0001,135.0001,137.72638,5.3999996
2025-09-27 10:00:00+00:00,20.3065,100.0,0.0,0.0,0.0,-0.0,0.0,1.609969,4.1046314,5.8603754,6.1305785,153.43501,142.12495,132.5104,130.23628,5.3999996
2025-09-27 11:00:00+00:00,20.3065,99.0,0.0,0.0,0.0,-0.0,0.02382636,2.0991426,4.379589,5.00128,5.8603754,210.96368,170.53775,149.74365,137.4896,5.04
2025-09-27 12:00:00+00:00,20.4065,96.0,0.0,0.0,0.0,-0.0,0.09589815,1.835647,3.9763298,5.1165614,5.3517847,191.30989,174.80566,140.71062,137.72638,5.3999996
2025-09-27 13:00:00+00:00,20.206501,96.0,0.0,0.0,0.0,-0.0,0.09472418,1.8,4.6800003,5.8603754,5.3999996,180.0,157.3801,132.5104,126.86998,4.32
2025-09-27 14:00:00+00:00,20.1565,96.0,0.0,0.0,0.0,-0.0,0.09443259,2.0991426,3.8773184,5.0911684,5.00128,210.96368,158.19853,135.0001,120.256355,3.96
2025-09-27 15:00:00+00:00,19.956501,95.0,0.0,0.0,0.0,-0.0,0.116594315,3.219938,2.8799999,3.396233,3.5455887,243.43501,180.0,147.99466,113.962494,6.12
2025-09-27 16:00:00+00:00,19.8065,93.0,0.0,0.0,0.0,-0.0,0.16173148,3.0758414,2.1897945,2.3051248,2.5455842,249.44386,189.46225,141.34016,98.13002,6.12
2025-09-27 17:00:00+00:00,20.206501,91.0,0.0,0.0,0.0,0.01,0.21314502,1.835647,1.484318,2.0991426,2.5455842,258.6901,165.96373,120.96369,98.13002,6.12
2025-09-27 18:00:00+00:00,21.3065,89.0,0.0,0.0,0.0,0.06,0.2787161,5.04,5.3999996,5.3999996,4.379589,90.0,90.0,90.0,80.53775,12.24
2025-09-27 19:00:00+00:00,22.706501,83.0,0.0,0.0,0.0,0.14000002,0.4690547,6.87779,8.350138,8.350138,8.350138,83.99109,82.56869,82.56869,82.56869,17.28
2025-09-27 20:00:00+00:00,23.8565,77.0,0.0,0.0,0.0,0.21000002,0.68016887,9.114471,10.538843,10.594036,10.594036,80.909805,82.14678,80.21766,80.21766,21.96
2025-09-27 21:00:00+00:00,24.6565,73.0,0.0,0.0,0.0,0.29000002,0.83762217,10.239453,12.429127,12.429127,12.429127,79.87539,79.99209,79.99209,79.99209,24.84
2025-09-27 22:00:00+00:00,25.5065,66.0,0.0,0.0,0.0,0.31,1.1095514,11.090103,12.9249525,12.9249525,12.9249525,76.865974,77.125,77.125,77.125,26.64
2025-09-27 23:00:00+00:00,25.7565,64.0,0.0,0.0,0.0,0.29000002,1.192368,11.726277,14.003029,14.003029,13.5515,72.12121,72.03077,72.03077,73.009094,28.44
2025-09-28 00:00:00+00:00,25.1565,67.0,0.0,0.0,0.0,0.23,1.0547812,11.631956,14.512064,14.512064,14.182355,68.19853,66.61476,66.61476,66.037506,29.16
2025-09-28 01:00:00+00:00,24.2565,72.0,0.0,0.0,0.0,0.16,0.84817314,10.163227,12.904882,13.049689,12.72283,67.06787,67.01126,65.55606,64.8852,28.08
2025-09-28 02:00:00+00:00,23.3065,77.0,0.0,0.0,0.0,0.10000001,0.6580646,10.30883,14.007655,14.168641,14.336861,65.22488,64.09355,62.783974,61.504463,25.199999
2025-09-28 03:00:00+00:00,22.3565,82.0,0.0,0.0,0.1,0.050000004,0.48623896,9.19939,13.397612,13.584932,13.779114,59.420856,59.300358,57.99466,56.725105,24.119999
2025-09-28 04:00:00+00:00,21.4065,88.0,0.0,0.0,0.0,0.02,0.30592227,7.491114,11.592894,12.096214,12.313894,54.782326,53.84173,53.471054,52.124958,21.599998
2025-09-28 05:00:00+00:00,20.8565,91.0,0.0,0.0,0.0,0.01,0.22183585,7.145796,10.739832,11.019764,11.384198,40.9143,39.55964,38.367523,34.69522,16.919998
2025-09-28 06:00:00+00:00,20.456501,94.0,0.0,0.0,0.0,0.01,0.14429498,5.692099,9.885262,10.805998,11.440979,34.69522,33.111355,29.981556,24.145542,15.4800005
2025-09-28 07:00:00+00:00,20.1565,97.0,0.1,0.0,0.1,-0.0,0.07082319,5.1919937,9.387651,10.315115,11.298495,33.6901,32.471172,29.248732,22.47948,13.32
2025-09-28 08:00:00+00:00,19.956501,99.0,0.1,0.0,0.1,-0.0,0.023317337,4.1046314,8.4963045,9.585739,10.948973,37.875053,36.38445,34.286938,27.40749,10.799999
2025-09-28 09:00:00+00:00,19.7565,100.0,0.1,0.0,0.1,-0.0,0.0,3.6,8.209263,9.290511,10.805998,36.86999,37.875053,35.537766,29.981556,8.64
2025-09-28 10:00:00+00:00,19.5065,100.0,0.1,0.0,0.1,-0.0,0.0,3.0758414,8.0899935,9.19939,10.948973,20.556128,32.275623,30.579157,27.40749,7.92
2025-09-28 11:00:00+00:00,19.2565,100.0,0.1,0.0,0.1,0.0,0.0,2.8799999,8.699793,9.504273,11.113451,360.0,24.443953,24.623547,24.904745,7.2
2025-09-28 12:00:00+00:00,18.9065,98.0,0.1,0.0,0.1,0.0,0.043696165,3.219938,8.905908,9.793058,11.043261,333.43503,14.036275,17.102825,19.025702,6.4799995
2025-09-28 13:00:00+00:00,18.2565,92.0,0.0,0.0,0.0,0.0,0.16784799,4.0249224,8.647496,9.422101,10.594036,296.56497,357.6141,6.581848,9.782338,9.0
2025-09-28 14:00:00+00:00,17.5565,84.0,0.0,0.0,0.0,0.0,0.32129812,5.8048253,8.427383,8.759178,9.72,277.1249,340.0168,350.53775,360.0,11.5199995
2025-09-28 15:00:00+00:00,17.456501,78.0,0.0,0.0,0.0,-0.0,0.43904376,6.849467,9.021574,9.0,9.779817,273.01273,331.38962,343.73972,353.6599,14.04
2025-09-28 16:00:00+00:00,18.3065,77.0,0.0,0.0,0.0,0.01,0.4841665,5.6920996,9.360001,9.605998,10.105681,288.43503,337.3801,347.00537,355.91446,14.4
2025-09-28 17:00:00+00:00,19.8065,77.0,0.0,0.0,0.0,0.02,0.5315219,4.6938257,10.182337,10.446206,10.805999,327.52884,351.87,358.0251,1.9091109,15.119999
2025-09-28 18:00:00+00:00,21.206501,77.0,0.0,0.0,0.0,0.050000004,0.57932353,5.8048253,10.538843,10.948973,11.013882,7.12493,7.853233,9.462261,11.3098955,15.4800005
2025-09-28 19:00:00+00:00,22.5065,74.0,0.0,0.0,0.0,0.11,0.7088535,7.289445,10.787993,11.269782,11.269782,32.905247,25.709915,26.564985,26.564985,19.8
2025-09-28 20:00:00+00:00,23.7565,71.0,0.0,0.0,0.0,0.20000002,0.8525691,9.504272,11.966954,12.218805,12.475961,52.695976,46.2188,44.999897,46.169064,23.759998
2025-09-28 21:00:00+00:00,24.706501,67.0,0.0,0.0,0.0,0.26,1.0269315,11.609651,13.891522,14.081477,14.277983,60.255207,58.781662,57.528828,56.3099,28.08
2025-09-28 22:00:00+00:00,25.3565,63.0,0.0,0.0,0.0,0.29000002,1.1968417,12.879752,15.459054,15.629971,15.807239,63.435013,62.24156,61.07368,59.93151,30.239998
2025-09-28 23:00:00+00:00,25.706501,59.0,0.0,0.0,0.0,0.3,1.3541034,13.684735,16.904673,17.068707,16.923828,63.435013,63.435013,62.354122,60.708733,32.399998
2025-09-29 00:00:00+00:00,25.6565,57.0,0.0,0.0,0.0,0.29000002,1.4160208,13.363711,17.238699,17.414474,17.10284,62.744755,61.294147,60.255207,59.656826,34.56
2025-09-29 01:00:00+00:00,25.0565,60.0,0.0,0.0,0.0,0.26,1.2711254,12.594856,16.676977,16.87398,16.575644,59.03632,57.3391,56.309914,55.6196,32.399998
2025-09-29 02:00:00+00:00,24.0565,65.0,0.0,0.0,0.0,0.21000002,1.0477428,11.304229,15.124284,15.349684,15.546833,52.765083,51.766144,50.710617,47.815628,29.88
2025-09-29 03:00:00+00:00,23.0065,71.0,0.0,0.0,0.0,0.16,0.8149507,9.673221,13.755579,14.021525,14.336861,44.999897,42.878906,41.877792,38.884502,27.72
2025-09-29 04:00:00+00:00,21.9065,79.0,0.0,0.0,0.0,0.11,0.5520098,7.289445,12.24,12.7279215,13.53236,32.905247,28.072395,28.739704,28.610369,21.96
2025-09-29 05:00:00+00:00,20.706501,88.0,0.0,0.0,0.0,0.06,0.29308462,5.4477882,11.304229,12.224107,13.1041975,7.59456,9.16228,13.627024,15.945477,15.84
2025-09-29 06:00:00+00:00,19.7565,94.0,0.0,0.0,0.0,0.02,0.13819695,4.829907,11.212135,11.885453,12.7279215,333.43503,354.47253,1.7356651,8.130019,10.08
2025-09-29 07:00:00+00:00,19.2565,93.0,0.0,0.0,0.0,0.01,0.15631199,5.3517847,10.594036,11.165805,11.928989,312.27362,350.21765,358.15244,5.19435,10.799999
2025-09-29 08:00:00+00:00,18.956501,88.0,0.0,0.0,0.0,0.01,0.26302958,5.634891,9.47012,9.726665,10.538843,296.56497,351.2539,2.1210518,7.853233,11.159999
2025-09-29 09:00:00+00:00,18.6565,84.0,0.0,0.0,0.0,0.01,0.34422803,6.0347,8.4042845,8.647496,9.47012,287.3541,350.13425,2.385899,8.746089,11.879999
2025-09-29 10:00:00+00:00,18.2565,82.0,0.0,0.0,0.0,0.01,0.3777051,6.5693827,7.5170207,7.5685663,8.311245,279.46225,343.3007,357.27374,4.969664,12.959999
2025-09-29 11:00:00+00:00,17.8065,80.0,0.0,0.0,0.0,0.01,0.40800583,6.849467,7.24486,6.9899354,7.5599995,273.01273,333.43503,348.11136,360.0,14.4
2025-09-29 12:00:00+00:00,17.4065,78.0,0.0,0.0,0.0,0.01,0.43766272,7.2,7.2,6.489992,6.87779,270.0,323.13,340.55988,353.9911,15.4800005
2025-09-29 13:00:00+00:00,16.8565,76.0,0.0,0.0,0.0,0.01,0.46116078,7.928178,7.386582,6.28713,6.924738,267.3975,316.9749,336.3706,351.02744,16.199999
2025-09-29 14:00:00+00:00,16.3065,75.0,0.0,0.0,0.0,0.01,0.46391118,8.287822,7.6367526,6.763786,7.2805495,267.5105,315.0001,334.79892,351.4693,16.56
2025-09-29 15:00:00+00:00,16.4065,73.0,0.0,0.0,0.0,0.02,0.5042286,8.28,7.6367526,6.9247384,7.342588,270.0,315.0001,332.1028,348.6901,17.28
2025-09-29 16:00:00+00:00,17.5065,70.0,0.0,0.0,0.0,0.02,0.60063934,7.5942073,7.8954163,7.289445,7.289444,275.44025,313.1524,327.09476,339.77505,18.359999
2025-09-29 17:00:00+00:00,19.206501,67.0,0.0,0.0,0.0,0.03,0.73487055,6.725354,8.404285,7.7043357,7.24486,285.52417,313.26434,322.59457,333.43503,19.08
2025-09-29 18:00:00+00:00,21.0065,64.0,0.0,0.0,0.0,0.06,0.8959069,5.1919937,7.7043357,7.10031,6.6185193,303.6901,322.59457,329.53452,337.6198,20.16
2025-09-29 19:00:00+00:00,22.9065,60.0,0.0,0.0,0.0,0.14000002,1.1175134,3.9763298,6.489992,6.5693827,6.638072,5.19435,3.179772,9.462261,12.528798,23.039999
2025-09-29 20:00:00+00:00,24.8565,56.0,0.0,0.0,0.0,0.24,1.3818147,7.7043357,9.931042,9.686609,9.931042,52.594578,46.468742,48.01287,46.468742,25.56
2025-09-29 21:00:00+00:00,26.206501,53.0,0.0,0.0,0.0,0.31,1.5989441,11.923557,14.386494,14.386494,14.277983,61.113514,58.29862,58.29862,56.3099,28.44
2025-09-29 22:00:00+00:00,26.706501,52.0,0.0,0.0,0.0,0.32,1.6817166,13.891522,17.174677,17.373497,17.283749,58.781662,56.976128,55.980614,54.323517,31.319998
2025-09-29 23:00:00+00:00,26.6565,52.0,0.0,0.0,0.0,0.29000002,1.6767888,14.982228,19.008545,19.734436,19.406637,54.782326,52.695976,51.666626,49.51408,34.2
2025-09-30 00:00:00+00:00,26.206501,55.0,0.0,0.0,0.0,0.26,1.5308408,15.072783,19.881649,20.633371,20.620804,49.844074,47.93576,47.12111,45.707233,37.079998
2025-09-30 01:00:00+00:00,25.2565,61.0,0.0,0.0,0.0,0.22,1.2541263,14.512064,19.35314,20.12461,20.150354,46.005,43.492626,42.82525,41.37842,34.56
2025-09-30 02:00:00+00:00,23.9065,70.0,0.0,0.0,0.0,0.18,0.8899524,12.768586,17.935081,18.504139,18.581022,40.425995,38.480236,37.092915,35.537766,32.399998
2025-09-30 03:00:00+00:00,22.706501,78.0,0.0,0.0,0.0,0.13,0.6070628,10.883676,15.990646,16.610792,17.238699,34.215755,31.184912,29.898815,28.705854,29.88
2025-09-30 04:00:00+00:00,21.8065,84.0,0.0,0.0,0.0,0.08,0.41799474,7.754637,13.207634,14.458382,15.716793,21.801476,17.447285,18.886187,20.095322,23.759998
2025-09-30 05:00:00+00:00,21.0065,89.0,0.0,0.0,0.0,0.04,0.27364588,4.6938252,11.212135,12.620554,14.561099,355.60138,354.47253,3.2704222,8.530692,18.0
2025-09-30 06:00:00+00:00,20.3565,92.0,0.0,0.0,0.0,0.01,0.19121838,4.3349743,10.636766,11.720751,13.32,311.63345,336.0375,349.3804,360.0,11.879999
2025-09-30 07:00:00+00:00,19.956501,90.0,0.0,0.0,0.0,-0.0,0.23320532,4.829907,9.659814,10.308831,11.885453,296.56497,333.43503,347.90527,358.26434,11.5199995
2025-09-30 08:00:00+00:00,19.6565,85.0,0.0,0.0,0.0,0.01,0.34340382,5.0142193,8.089993,8.707238,10.08,291.03757,339.14545,352.87506,360.0,10.799999
2025-09-30 09:00:00+00:00,19.456501,82.0,0.0,0.0,0.0,0.01,0.40702605,5.2416787,7.42159,7.5685663,8.647496,285.94547,345.9637,357.27374,2.385899,10.440001
2025-09-30 10:00:00+00:00,19.3065,82.0,0.0,0.0,0.0,0.01,0.40325534,5.937272,8.089993,7.69592,8.287822,284.03625,339.14545,349.21573,357.5105,11.5199995
2025-09-30 11:00:00+00:00,19.1565,85.0,0.0,0.0,0.0,0.01,0.33291626,6.28713,9.021574,8.766573,9.0645685,283.24054,331.38962,340.8209,353.15732,12.599999
2025-09-30 12:00:00+00:00,19.0065,86.0,0.0,0.0,0.0,0.01,0.30783272,6.638072,9.885262,9.360001,9.114471,282.5288,326.88864,337.3801,350.9098,13.679999
2025-09-30 13:00:00+00:00,18.5065,86.0,0.0,0.0,0.0,0.01,0.29838467,6.87779,9.290511,8.891344,8.759178,276.0089,324.46225,338.6293,350.53775,13.679999
2025-09-30 14:00:00+00:00,18.0065,86.0,0.0,0.0,0.0,0.01,0.2891909,7.2,8.287822,7.968939,7.9526596,270.0,325.6196,341.56494,354.80566,13.679999
2025-09-30 15:00:00+00:00,18.0565,85.0,0.0,0.0,0.0,0.01,0.31082392,6.8399997,7.10031,6.9899354,7.5685663,270.0,329.53452,348.11136,357.27374,13.679999
2025-09-30 16:00:00+00:00,19.1565,83.0,0.0,0.0,0.0,0.01,0.37731493,5.1544156,6.9527545,6.924738,7.208994,282.09473,338.74942,351.02744,357.13766,14.04
2025-09-30 17:00:00+00:00,20.9065,80.0,0.0,0.0,0.0,0.01,0.49456525,3.8268526,6.9899354,7.208994,7.208994,318.81415,348.11136,357.13766,357.13766,14.4
2025-09-30 18:00:00+00:00,22.5565,76.0,0.0,0.0,0.0,0.04,0.6562886,4.3349743,7.208994,7.2359104,7.2359104,4.763556,2.8623457,5.7105074,5.7105074,14.759999
2025-09-30 19:00:00+00:00,24.0065,70.0,0.0,0.0,0.0,0.11,0.8952992,5.991594,7.729527,7.729527,7.5685663,32.73523,27.758451,27.758451,25.346138,18.359999
2025-09-30 20:00:00+00:00,25.3565,63.0,0.0,0.0,0.0,0.21000002,1.1968417,8.209263,9.686609,9.931042,9.673221,52.124958,48.01287,46.468742,44.999897,21.599998
2025-09-30 21:00:00+00:00,26.3065,59.0,0.0,0.0,0.0,0.28000003,1.4028871,10.495713,11.983188,12.181624,11.885453,59.03632,57.264786,55.840256,54.865723,25.199999
2025-09-30 22:00:00+00:00,26.706501,58.0,0.0,0.0,0.0,0.3,1.4713149,11.792404,13.891522,14.081477,13.979872,58.736336,58.781662,57.528828,55.491425,27.0
2025-09-30 23:00:00+00:00,26.706501,60.0,0.0,0.0,0.0,0.29000002,1.4011924,12.783802,15.575981,15.778516,15.778516,57.652576,56.3099,55.222095,55.222095,29.16
2025-10-01 00:00:00+00:00,26.3565,63.0,0.0,0.0,0.0,0.26,1.2696455,12.682018,15.986593,16.199999,16.418526,55.407658,54.16227,53.13002,52.124958,30.960001
2025-10-01 01:00:00+00:00,25.5065,68.0,0.0,0.0,0.0,0.22,1.0442421,11.808878,15.349684,15.349684,15.546833,52.431335,50.710617,50.710617,47.815628,28.44
2025-10-01 02:00:00+00:00,24.3065,74.0,0.0,0.0,0.0,0.17,0.78991675,10.195057,13.493999,13.746156,14.021525,47.862484,46.080845,44.999897,41.877792,26.28
2025-10-01 03:00:00+00:00,23.1065,80.0,0.0,0.0,0.0,0.12,0.56534743,8.435069,11.592894,11.885453,12.287555,39.805527,36.158287,35.134277,31.827414,23.759998
2025-10-01 04:00:00+00:00,22.0065,86.0,0.0,0.0,0.0,0.08,0.3702109,5.95906,9.793058,10.587917,11.177405,25.016869,17.102825,17.818983,14.931467,19.08
2025-10-01 05:00:00+00:00,20.956501,91.0,0.0,0.0,0.0,0.04,0.22320056,4.452954,9.885262,10.853866,11.542478,345.9637,349.50858,354.2895,356.42374,14.04
2025-10-01 06:00:00+00:00,20.206501,93.0,0.0,0.0,0.0,0.01,0.16577458,4.8433046,11.113451,11.841756,12.313893,311.98712,335.09525,340.46326,344.7448,9.36
2025-10-01 07:00:00+00:00,20.0565,90.0,0.0,0.0,0.0,-0.0,0.2346499,5.495161,11.91812,12.181625,12.661564,301.60745,334.98312,341.02948,345.17346,10.08
2025-10-01 08:00:00+00:00,20.206501,85.0,0.0,0.0,0.0,0.01,0.35527253,5.495161,11.726277,12.496719,12.7279215,301.60745,342.12122,348.3664,351.87,11.159999
2025-10-01 09:00:00+00:00,20.3565,81.0,0.0,0.0,0.0,0.01,0.4542166,5.495161,11.792404,12.324414,12.620554,301.60745,347.66092,353.29025,356.72958,11.879999
2025-10-01 10:00:00+00:00,20.3565,82.0,0.0,0.0,0.0,0.01,0.43030393,5.1919937,11.304229,11.928989,12.245294,303.6901,350.8377,354.80566,358.31534,11.159999
2025-10-01 11:00:00+00:00,20.3065,85.0,0.0,0.0,0.0,0.01,0.35746884,4.8433046,10.538843,11.183201,11.165805,311.98712,352.14676,356.3087,358.15244,10.440001
2025-10-01 12:00:00+00:00,20.206501,88.0,0.0,0.0,0.0,0.01,0.28420568,4.6102495,9.779817,10.446206,10.799999,321.34018,353.6599,358.0251,360.0,9.72
2025-10-01 13:00:00+00:00,20.0065,90.0,0.1,0.0,0.1,0.01,0.23392749,4.6102495,9.422101,10.08,10.853866,321.34018,353.41815,360.0,5.7105074,9.72
2025-10-01 14:00:00+00:00,19.8065,93.0,0.1,0.0,0.1,-0.0,0.16173148,4.6102495,9.3876505,10.105681,11.090103,321.34018,355.60138,4.085537,13.134034,9.72
2025-10-01 15:00:00+00:00,19.706501,94.0,0.1,0.0,0.1,-0.0,0.1377697,4.510787,9.3669195,10.538843,11.726277,331.38962,357.79745,7.853233,17.87879,9.72
2025-10-01 16:00:00+00:00,19.7565,95.0,0.0,0.0,0.0,0.0,0.115161896,5.0911684,9.746631,11.367109,12.522619,351.87,4.23632,10.954029,18.435053,12.959999
2025-10-01 17:00:00+00:00,19.9065,95.0,0.0,0.0,0.0,0.0,0.11623478,6.638072,10.041354,12.313893,13.450708,12.528798,14.534496,15.255177,15.524177,16.199999
2025-10-01 18:00:00+00:00,20.4065,92.0,0.0,0.0,0.0,0.01,0.19180727,8.225035,11.298495,13.32,14.241629,23.198618,22.47948,18.924751,16.144413,19.44
2025-10-01 19:00:00+00:00,21.5565,84.0,0.0,0.0,0.0,0.07000001,0.41167307,9.826088,12.7279215,14.182355,15.042659,28.442837,28.739704,23.962492,21.037588,23.039999
2025-10-01 20:00:00+00:00,23.0065,73.0,0.0,0.0,0.0,0.15,0.7587211,11.183201,14.57889,15.141414,15.778518,33.178535,32.905247,28.392921,27.149609,27.0
2025-10-01 21:00:00+00:00,24.0565,65.0,0.0,0.0,0.0,0.21000002,1.0477428,12.599998,16.279802,16.676977,16.981165,36.86999,35.09589,32.660904,32.005356,30.599998
2025-10-01 22:00:00+00:00,24.456501,64.0,0.0,0.0,0.0,0.24,1.1037761,14.05845,18.504139,18.875126,19.171478,39.805527,37.092915,34.90257,34.286938,33.48
2025-10-01 23:00:00+00:00,24.456501,66.0,0.0,0.0,0.0,0.26,1.0424161,15.580141,20.523157,21.599998,21.67786,40.314034,37.875053,36.86998,35.537766,36.36
